model,pattern,fp_count
GPT-4o,the mechanism remains unclear,8
GPT-4o,further research is needed to,6
GPT-4o,little is known about long,3
GPT-4o,in addition more research is,1
GPT-4o,future research should replicate these,1
GPT-4o,future research should take these,1
GPT-4o,additionally future research should aim,1
GPT-4o,although more research is needed,1
GPT-4o,however evidence regarding the role,1
GPT-4o,in our experiment it remains,1
GPT-4o,in countries where tax compliance,1
GPT-4o,it is an open question,1
GPT-4o,future research should further investigate,1
GPT-4o,little is known about non,1
GPT-4o,future research should test their,1
GPT-4o,it remains unclear how and,1
GPT-4o,informal risk sharing has been,1
GPT-4o,the evidence on the effects,1
GPT-4o,further research is needed,1
GPT-4o-mini,further research is needed to,24
GPT-4o-mini,little is known about the,16
GPT-4o-mini,limited evidence exists on the,11
GPT-4o-mini,future work should investigate the,9
GPT-4o-mini,scarce evidence is available on,6
GPT-4o-mini,open questions remain about the,6
GPT-4o-mini,future work should explore the,5
GPT-4o-mini,future research should explore the,5
GPT-4o-mini,mixed evidence exists on the,4
GPT-4o-mini,the relationship between nudging and,4
GPT-4o-mini,the effectiveness of nudges in,4
GPT-4o-mini,little is known about how,3
GPT-4o-mini,limited evidence exists regarding the,3
GPT-4o-mini,future research should examine the,3
GPT-4o-mini,mixed evidence exists regarding the,3
GPT-4o-mini,inconclusive findings suggest that the,2
GPT-4o-mini,future work should examine the,2
GPT-4o-mini,the impact of nudges on,2
GPT-4o-mini,further research is needed,2
GPT-4o-mini,in addition more research is,1
Ollama (Llama 3.2),little is known about the,17
Ollama (Llama 3.2),further research is needed to,9
Ollama (Llama 3.2),little is known about long,9
Ollama (Llama 3.2),the mechanism remains unclear,8
Ollama (Llama 3.2),future work should focus on,7
Ollama (Llama 3.2),future work should investigate the,4
Ollama (Llama 3.2),future work should investigate how,4
Ollama (Llama 3.2),little is known about how,3
Ollama (Llama 3.2),no study has examined the,3
Ollama (Llama 3.2),future work should also investigate,2
Ollama (Llama 3.2),future work should aim to,2
Ollama (Llama 3.2),scarce evidence exists on the,2
Ollama (Llama 3.2),more research is needed to,2
Ollama (Llama 3.2),informal risk sharing has been,2
Ollama (Llama 3.2),future work should investigate whether,2
Ollama (Llama 3.2),future work should address the,1
Ollama (Llama 3.2),inconclusive results suggest that there,1
Ollama (Llama 3.2),further research is needed,1
Ollama (Llama 3.2),future work should,1
Ollama (Llama 3.2),note these sentences are extracted,1
